<?xml version='1.0' encoding='UTF-8'?>
<!DOCTYPE hibernate-mapping PUBLIC
        "-//Hibernate/Hibernate Mapping DTD 3.0//EN"
        "http://hibernate.sourceforge.net/hibernate-mapping-3.0.dtd">
<hibernate-mapping>
    <class name="com.Hibernate.Employee" table="emp">
        <id name="id">
            <generator class="native"></generator>
        </id>
        <property name="fname" column="First_name"></property>
        <property name="lname" column="Last_name"></property>
        <property name="dob" ></property>
        <property name="age" ></property>
        <property name="salary" ></property>
        <property name="designation"></property>
    </class>
</hibernate-mapping>