<hibernate-configuration>
    <session-factory>
        <!-- JDBC Database connection settings -->
        <property name="connection.driver_class">org.h2.Driver</property>
        <property name="connection.url">jdbc:h2:~/test</property>
        <property name="connection.username">sa</property>
        <property name="connection.password"></property>

        <!-- Select our SQL dialect -->
        <property name="dialect">org.hibernate.dialect.H2Dialect</property>
        <!-- Echo the SQL to stdout -->
        <property name="show_sql">true</property>
        <!-- Drop and re-create the database schema on startup -->
        <property name="hbm2ddl.auto">update</property>
        <mapping resource="employee.hbm.xml" />

    </session-factory>
</hibernate-configuration>