{
	"id": 2,
	"name": "Percy Jackson",
	"author":"Rick Riordan",
	"publisher":"MiramaxBooks",
	"description":"Percy Jackson & the Olympians, often shortened to Percy Jackson or PJO,is a pentalogy of fantasy adventure novels written by American author Rick Riordan,and the first book series in the Camp Half-Blood Chronicles.[4] Five supplementary books,along with graphic novel versions of each book in the first series have also been released.More than 69 million copies of the books have been sold in more than 35 countries"	
}
