<?xml version="1.0" encoding="UTF-8"?>    
<!DOCTYPE hibernate-configuration PUBLIC    
        "-//Hibernate/Hibernate Configuration DTD 3.0//EN"    
        "http://www.hibernate.org/dtd/hibernate-configuration-3.0.dtd"> 
<hibernate-configuration>

	<session-factory>
		<!-- JDBC Database connection settings -->
		<property name="connection.driver_class">org.h2.Driver</property>
		<property name="connection.url">jdbc:h2:tcp://localhost/~/test</property>
		<property name="connection.username">sa</property>
		<property name="connection.password"></property>

		<!-- Select our SQL dialect -->
		<property name="dialect">org.hibernate.dialect.H2Dialect</property>
		<!-- Echo the SQL to stdout -->
		<property name="show_sql">true</property>
		<!-- Drop and re-create the database schema on startup -->
		<property name="hbm2ddl.auto">create</property>
        <mapping class="com.accolite.Ecommerce.Categories" />
        <mapping class="com.accolite.Ecommerce.Product" />
        <mapping class="com.accolite.Ecommerce.Supplier" />
    </session-factory>    
</hibernate-configuration>  
